from_bloc,total_connections,within_bloc,within_side,cross_ideology,homophily_ratio,echo_chamber_strength,cross_ideology_strength
Left-PC,5535,2646,0,2889,0.47804878048780486,0.850054066254052,0.2509556474877127
Libertarian right,711,711,0,0,1,0.8493130433745486,NA
Republican right,2162,1099,1063,0,0.5083256244218316,0.8534439817219897,NA
Traditional right,4397,1600,2797,0,0.3638844666818285,0.8518009189118165,NA
