metric,value
Total nodes,450
Total edges,12805
Average degree,56.91111111111111
Network density,0.1267508042563722
Average path length,0.5229247147902428
Clustering coefficient,0.1470255473222172
