,Coef.,Std.Err.,z,P>|z|,[0.025,0.975]
const,0.05153259962464907,,,,,
x1,0.028424213786830802,,,,,
x2,1.2871992389409013,,,,,
x3,-0.14057617203098285,,,,,
x4,0.0,,,,,
x5,-0.16041117668309257,,,,,
x6,0.0833897248376291,,,,,
x7,0.0,,,,,
