mean_predicted,fraction_positive
0.30000000000000115,0.2910714285714286
0.54999999999999,0.550321199143469
0.6526707234618326,0.6484110885733604
0.8999999999999987,0.9029567854435178
