model,task,accuracy,f1
SVM,strategy,0.75,0.7518381315902317
Logistic Regression,strategy,0.8004807692307693,0.8017011069039202
Random Forest,strategy,0.8501602564102564,0.8513521982516039
SVM,pc_target,0.8004807692307693,0.6103286384976526
Logistic Regression,pc_target,0.8501602564102564,0.6781411359724613
Random Forest,pc_target,0.8806089743589743,0.7444253859348199
SVM,bloc,0.41586538461538464,0.37665280012956637
Logistic Regression,bloc,0.42948717948717946,0.40216636038494497
Random Forest,bloc,0.4230769230769231,0.4061998628138196
