model,auc,ap
Logistic Regression,0.6506789629264688,0.3667829296538006
SVM (Calibrated),0.6485727922157901,0.3686598861268059
