from_bloc,cross_ideology,attack_rate,defend_rate,avg_intensity,n,interaction_type
Left-PC,0,0.05555555555555553,0.4542483660130719,0.7785947712418295,306,Same group
Left-PC,1,0.38857142857142846,0.5200000000000004,0.790285714285713,875,Cross-ideology
Libertarian right,0,0.11227154046997373,0.34464751958224515,0.7937336814621401,766,Same group
Libertarian right,1,0.73828125,0.26171875,0.767578125,256,Cross-ideology
Republican right,0,0.11595744680851064,0.3723404255319148,0.7912234042553188,940,Same group
Republican right,1,0.7361963190184049,0.2638036809815951,0.802147239263804,326,Cross-ideology
Traditional right,0,0.1281604184829991,0.3347863993025284,0.7765911072362667,1147,Same group
Traditional right,1,0.59375,0.40625,0.776041666666666,384,Cross-ideology
