from_bloc,to_target,total_interactions,positive_share,negative_share,is_echo_chamber
Libertarian right,Kaiser,144,0.7777777777777778,0.027777777777777776,TRUE
Libertarian right,Kast,244,0.6967213114754098,0.06147540983606557,TRUE
Libertarian right,Matthei,225,0.7688888888888888,0.044444444444444446,TRUE
Republican right,Kaiser,155,0.6838709677419355,0.05806451612903226,TRUE
Republican right,Kast,363,0.7300275482093664,0.04132231404958678,TRUE
Republican right,Matthei,231,0.6753246753246753,0.047619047619047616,TRUE
Traditional right,Kaiser,235,0.7446808510638298,0.059574468085106386,TRUE
Traditional right,Kast,364,0.7472527472527473,0.04120879120879121,TRUE
Traditional right,Matthei,303,0.6765676567656765,0.056105610561056105,TRUE
