from_bloc,n_comments,n_users,attack_rate,defend_rate,avg_intensity,anti_communism_rate,us_vs_them_rate
Traditional right,1531,696,0.24493794905290658,0.3527106466361855,4.105813193990856,0.23971260613977793,0.3448726322664925
Republican right,1266,634,0.27567140600315954,0.344391785150079,4.176145339652448,0.2156398104265403,0.3696682464454976
Left-PC,1181,614,0.3022861981371719,0.5029635901778154,4.149026248941575,0.13547840812870449,0.3310753598645216
Libertarian right,1022,597,0.2690802348336595,0.3238747553816047,4.148727984344423,0.20645792563600782,0.36203522504892366
