Model,Accuracy,Precision_Left,Recall_Left
OpenAI (simulated),0.8985990660440294,0.7382075471698113,0.884180790960452
SVM,0.7798532354903269,0.5227272727272727,0.7796610169491526
Random Forest,0.8298865910607072,0.6008146639511202,0.8333333333333334
