from_bloc,connections_within_right,connections_to_left,within_positive,to_left_negative,echo_strength,coherence
Libertarian right,613,256,0.7422512234910277,0.73828125,0.7054085155350979,0.7422512234910277
Republican right,749,326,0.7036048064085447,0.7361963190184049,0.6967441860465117,0.7036048064085447
Traditional right,902,384,0.7228381374722838,0.59375,0.7013996889580093,0.7228381374722838
