"","oa_ideological_orientation","oa_value_position","oa_immigration_frame","oa_order_security_frame","oa_elite_institution_relation","oa_ideological_certainty"
"oa_ideological_orientation",1,0.976518831972753,0.23390004926582,0.254844837360973,0.431865538845962,0.121205555450623
"oa_value_position",0.976518831972753,1,0.240087582716872,0.262288374652721,0.443267332980521,0.120546658520315
"oa_immigration_frame",0.23390004926582,0.240087582716872,1,0.21774924221081,0.157474774919618,0.103919809456653
"oa_order_security_frame",0.254844837360973,0.262288374652721,0.21774924221081,1,0.205796140458201,0.196059174859184
"oa_elite_institution_relation",0.431865538845962,0.443267332980521,0.157474774919618,0.205796140458201,1,-0.254782609129414
"oa_ideological_certainty",0.121205555450623,0.120546658520315,0.103919809456653,0.196059174859184,-0.254782609129414,1
