variable,media,mediana,sd,min,max,q25,q75
ideological_orientation,-0.19400000000000006,0,0.8343551967702412,-1,1,-1,1
value_position,-0.21600000000000003,0,0.8331389331484339,-1,1,-1,1
immigration_frame,0.06399999999999996,0,0.29024293937221257,-1,1,0,0
order_security_frame,0.08,0,0.299933058127025,-1,1,0,0
elite_institution_relation,-0.18600000000000005,0,0.4372284010660739,-1,1,0,0
ideological_certainty,-0.01800000000000005,0,0.5709465120996148,-1,1,0,0
