marco_final,mean,std,n,se,ci95
moral,0.5083346820809248,0.18202888393310357,1730,0.004376402472874788,0.008577748846834583
conflicto,0.4300364313471503,0.1816816241481712,3088,0.0032694323670864503,0.006408087439489442
otro,0.4166938065414057,0.22901597932182405,1437,0.0060413973635985085,0.011841138832653076
identitario,0.39094145569620253,0.1739677039533394,632,0.0069200637045703055,0.013563324860957798
diagnostico,0.38593696763202723,0.17994038527928233,2348,0.003713467263932276,0.007278395837307261
motivacional,0.367232905982906,0.15265148750625043,234,0.009979139917606874,0.01955911423850947
economico,0.3401953125,0.1452238331109304,256,0.00907648956943315,0.017789919556088975
pronostico,0.33858716475095785,0.15007836586330264,522,0.0065687516236422085,0.012874753182338728
ERROR,0.3,0.0,4,0.0,0.0
