modelo,accuracy,f1_macro
tfidf_logreg,0.7086956521739131,0.4984874791916516
tfidf_linear_svm,0.7652173913043478,0.49206496042758757
tfidf_random_forest,0.782608695652174,0.47547231403272533
